{
  "consumer.go": 1778000244.4994893,
  "consumer_test.go": 1778000244.5010748,
  "doc.go": 1778000244.5030823,
  "message.go": 1778000244.5061016,
  "producer.go": 1778000244.5076232,
  "producer_test.go": 1778000244.5091388,
  "redis.go": 1778000244.5111473,
  "redis_test.go": 1778000244.5126598,
  "signals.go": 1778000244.517296,
  "signals_test.go": 1778000244.519325,
  "tools.go": 1778000244.5213346,
  "CHANGELOG.md": 1778000244.4934492,
  "LICENSE.txt": 1778000244.4949534,
  "README.md": 1778000244.497463,
  "x_fork.branch-origin.md": 1778004934.7069595
}